start_date_utc,total_net_generation_mwh,total_co2_mass_tons,total_co2_intensity_lbs_per_mwh,coal_mw_net_generation_mwh,coal_mw_co2_mass_tons,coal_mw_co2_intensity_lbs_per_mwh,natural_gas_mw_net_generation_mwh,natural_gas_mw_co2_mass_tons,natural_gas_mw_co2_intensity_lbs_per_mwh,nuclear_mw_net_generation_mwh,nuclear_mw_co2_mass_tons,nuclear_mw_co2_intensity_lbs_per_mwh,other_mw_net_generation_mwh,other_mw_co2_mass_tons,other_mw_co2_intensity_lbs_per_mwh,solar_mw_net_generation_mwh,solar_mw_co2_mass_tons,solar_mw_co2_intensity_lbs_per_mwh,wind_mw_net_generation_mwh,wind_mw_co2_mass_tons,wind_mw_co2_intensity_lbs_per_mwh,theoretical_fossil_power_mwh,theoretical_total,excess_power,net excess,other_percentage
2026-08-23T05:00:00+00:00,67770.83,37545.79,1108.02,24001,26142.37,2178.45,25352.08,11615.6,916.34,11132.92,0,0,-383,-300.77,1570.61,81,0,0,7586.92,0,0,60000,78417.84,10647,1215604,-0.6
2026-08-23T06:00:00+00:00,64218.58,35146.06,1094.58,22310,24300.77,2178.45,24682.17,11308.67,916.34,11134.83,0,0,-846.67,-664.89,1570.61,81,0,0,6857.08,0,0,60000,77226.24,13008,total weekly power,-1.3
2026-08-23T07:00:00+00:00,62026.42,33574.15,1082.58,21088,22969.01,2178.45,24556.08,11250.9,916.34,11194.42,0,0,-1193,-936.87,1570.61,81,0,0,6300.42,0,0,60000,76382.84,14356,13712929,-1.9
2026-08-23T08:00:00+00:00,60437.5,32140.3,1063.59,19653,21406.7,2178.45,24395.33,11177.25,916.34,11219.92,0,0,-834.25,-655.14,1570.61,81,0,0,5922.33,0,0,60000,76389,15952,total recoverable,-1.4
2026-08-23T09:00:00+00:00,59694.75,31545.03,1056.88,18950,20640.34,2178.45,24311,11138.61,916.34,11224.17,0,0,-442.67,-347.63,1570.61,81,0,0,5571.67,0,0,60000,76434.17,16739,1033263,-0.7
2026-08-23T10:00:00+00:00,59857.83,31623.25,1056.61,18861,20543.94,2178.45,24271.42,11120.47,916.34,11227.08,0,0,-77.92,-61.19,1570.61,81.5,0,0,5494.67,0,0,60000,76725.33,16868,ARES 1GW batteries needed,-0.1
2026-08-23T11:00:00+00:00,60017.17,31177.36,1038.95,18661,20325.83,2178.45,23704.75,10860.84,916.34,11231.5,0,0,-17.92,-14.07,1570.61,835.92,0,0,5602.08,0,0,60000,77651.58,17634,1033,0.0
2026-08-23T12:00:00+00:00,62660.75,28723.99,916.81,17646,19220.45,2178.45,20748,9506.14,916.34,11231.67,0,0,-5.67,-4.45,1570.61,7651.5,0,0,5389.25,0,0,60000,84266.75,21606,percent increase,0.0
2026-08-23T13:00:00+00:00,66584.17,26577.66,798.32,16656,18142.11,2178.45,18380.75,8421.54,916.34,11229,0,0,17.83,14,1570.61,15981.92,0,0,4318.67,0,0,60000,91547.42,24963,7.53%,0.0
2026-08-23T14:00:00+00:00,70847.17,27676.6,781.3,16657,18142.75,2178.45,19492.83,8931.06,916.34,11223.25,0,0,767.58,602.79,1570.61,18836.33,0,0,3870.58,0,0,60000,94697.74,23851,,1.1
2026-08-23T15:00:00+00:00,75216.58,29900.74,795.06,17713,19293.79,2178.45,21825.42,9999.78,916.34,11214.67,0,0,773.17,607.17,1570.61,19396.83,0,0,4293.17,0,0,60000,95677.84,20461,,1.0
2026-08-23T16:00:00+00:00,79651.17,33217.37,834.07,19814,21581.79,2178.45,23998.33,10995.35,916.34,11253,0,0,815.25,640.22,1570.61,19140.83,0,0,4629.83,0,0,60000,95838.91,16188,,1.0
2026-08-23T17:00:00+00:00,83832.08,36578.6,872.66,22261,24247.49,2178.45,25429,11650.84,916.34,11266.42,0,0,866.25,680.27,1570.61,18906.92,0,0,5102.25,0,0,60000,96141.84,12310,,1.0
2026-08-23T18:00:00+00:00,87375,39968.61,914.88,24677,26878.96,2178.45,26948.58,12347.07,916.34,11258.08,0,0,945.58,742.57,1570.61,18328.33,0,0,5217.25,0,0,60000,95749.24,8374,,1.1
2026-08-23T19:00:00+00:00,90476.33,43066.47,951.99,27302,29737.45,2178.45,27418.92,12562.57,916.34,11256.75,0,0,976,766.46,1570.61,18057.17,0,0,5466,0,0,60000,95755.92,5280,,1.1
2026-08-23T20:00:00+00:00,92149.67,45942.7,997.13,29462,32090.72,2178.45,28398.5,13011.38,916.34,11251.92,0,0,1070.42,840.6,1570.61,16353.25,0,0,5613.58,0,0,60000,94289.17,2140,,1.2
2026-08-23T21:00:00+00:00,93469.67,47900.23,1024.94,30279,32980.43,2178.45,30024.5,13756.37,916.34,11249.83,0,0,1481.5,1163.43,1570.61,14794.25,0,0,5640.75,0,0,60303,93469.66,0,,1.6
2026-08-23T22:00:00+00:00,93342.58,49761.66,1066.22,30500,33220.97,2178.45,32002.5,14662.63,916.34,11248.67,0,0,2391.5,1878.06,1570.61,11813.92,0,0,5386.33,0,0,62502,93342.59,0,,2.6
2026-08-23T23:00:00+00:00,89978.5,52308.67,1162.69,32107,34972.08,2178.45,33133.17,15180.67,916.34,11251.58,0,0,2745.33,2155.92,1570.61,5660.58,0,0,5080.5,0,0,65241,89978.49,0,,3.1
2026-08-24T00:00:00+00:00,86101.25,53595.15,1244.93,33285,36254.91,2178.45,33178.83,15201.6,916.34,11252.83,0,0,2723.33,2138.65,1570.61,483.5,0,0,5177.67,0,0,66464,86101.24,0,,3.2
2026-08-24T01:00:00+00:00,84798.42,52843.33,1246.33,32997,35941.12,2178.45,32710.42,14986.98,916.34,11258.83,0,0,2438.83,1915.23,1570.61,81.83,0,0,5311.5,0,0,65707,84798.41,0,,2.9
2026-08-24T02:00:00+00:00,79862.58,49473.69,1238.97,31638,34460.78,2178.45,30035.33,13761.33,916.34,11228.25,0,0,1593.75,1251.58,1570.61,54,0,0,5313.33,0,0,61673,79862.58,0,,2.0
2026-08-24T03:00:00+00:00,74598.5,45106.26,1209.31,29105,31701.96,2178.45,28028.58,12841.9,916.34,11196.17,0,0,716.17,562.41,1570.61,0,0,0,5552.5,0,0,60000,77464.84,2866,,1.0
2026-08-24T04:00:00+00:00,69831,40886.41,1171.01,26244,28585.23,2178.45,27045.78,12391.6,916.34,11206.33,0,0,-154.44,-121.29,1570.61,0,0,0,5489.67,0,0,60000,76541.56,6711,,-0.2
2026-08-24T05:00:00+00:00,65231.18,36642.83,1123.48,22904,24947.88,2178.45,25989.36,11907.59,916.34,11210.27,0,0,-378.55,-297.27,1570.61,0,0,0,5505.82,0,0,60000,76337.54,11106,,-0.6
2026-08-24T06:00:00+00:00,62884.42,33568.4,1067.62,20286,22096.36,2178.45,25101.08,11500.6,916.34,11214.5,0,0,-53.5,-42.01,1570.61,0,0,0,6336,0,0,60000,77497,14613,,-0.1
2026-08-24T07:00:00+00:00,61966.83,32271.72,1041.58,19117,20822.79,2178.45,25049.42,11476.93,916.34,11217.25,0,0,-53.75,-42.21,1570.61,0,0,0,6636.83,0,0,60000,77800.33,15834,,-0.1
2026-08-24T08:00:00+00:00,61515.92,31420.67,1021.55,18286,19917.28,2178.45,25061.75,11482.58,916.34,11222.08,0,0,26.5,20.81,1570.61,0,0,0,6919.83,0,0,60000,78168.41,16652,,0.0
2026-08-24T09:00:00+00:00,63429.83,32908.53,1037.64,19342,21067.23,2178.45,25547.75,11705.25,916.34,11222.17,0,0,173.25,136.05,1570.61,0,0,0,7145.17,0,0,60000,78540.59,15111,,0.3
2026-08-24T10:00:00+00:00,67480.08,36766.61,1089.7,22248,24233.42,2178.45,26197,12002.72,916.34,11229.33,0,0,675.5,530.47,1570.61,0.17,0,0,7129.75,0,0,60000,79034.75,11555,,1.0
2026-08-24T11:00:00+00:00,70965.67,39574.28,1115.31,24177,26333.99,2178.45,26766.33,12263.57,916.34,11225.33,0,0,1243.75,976.72,1570.61,779.42,0,0,6774,0,0,60000,80022.5,9057,,1.8
2026-08-24T12:00:00+00:00,73502,36476.51,992.53,22107,24079.57,2178.45,25350,11614.65,916.34,11221.25,0,0,996.17,782.29,1570.61,7104.42,0,0,6723.08,0,0,60000,86044.92,12543,,1.4
2026-08-24T13:00:00+00:00,75744.67,33169.55,875.83,19505,21245.22,2178.45,24321.75,11143.53,916.34,11218.25,0,0,994.25,780.79,1570.61,14006.42,0,0,5699.08,0,0,60000,91918,16173,,1.3
2026-08-24T14:00:00+00:00,79241.58,34243.08,864.27,20010,21795.74,2178.45,25507,11686.58,916.34,11210.33,0,0,968.75,760.76,1570.61,15917.17,0,0,5628,0,0,60000,93724.25,14483,,1.2
2026-08-24T15:00:00+00:00,82246,35794.96,870.44,21099,22981.81,2178.45,26269.83,12036.09,916.34,11228.42,0,0,989.5,777.06,1570.61,16598.5,0,0,6060.5,0,0,60000,94876.92,12631,,1.2
2026-08-24T16:00:00+00:00,84555.92,37395.87,884.52,22008,23971.91,2178.45,27569.83,12631.71,916.34,11241.92,0,0,1008.83,792.24,1570.61,16366.58,0,0,6360.5,0,0,60000,94977.83,10422,,1.2
2026-08-24T17:00:00+00:00,87869.75,39315.62,894.86,23101,25161.71,2178.45,29036.92,13303.89,916.34,11232,0,0,1082.42,850.03,1570.61,16741.75,0,0,6676.08,0,0,60000,95732.25,7863,,1.2
2026-08-24T18:00:00+00:00,90762.08,41811.41,921.34,24664,26864.44,2178.45,30252.92,13861.02,916.34,11267.17,0,0,1382.83,1085.95,1570.61,16775.08,0,0,6420.25,0,0,60252.92,96098.25,5336,,1.5
2026-08-24T19:00:00+00:00,92259.25,44405.13,962.62,26496,28859.72,2178.45,31804.17,14571.76,916.34,11258.92,0,0,1239.83,973.65,1570.61,15826.83,0,0,5633.83,0,0,61804.17,95763.58,3504,,1.3
2026-08-24T20:00:00+00:00,93636.17,47326.82,1010.87,28386,30918.26,2178.45,32657.25,14962.62,916.34,11203.33,0,0,1841.25,1445.94,1570.61,14507.42,0,0,5041.33,0,0,62657.25,95250.58,1614,,2.0
2026-08-24T21:00:00+00:00,94052.25,49035.74,1042.73,29398,32020.64,2178.45,33545.42,15369.55,916.34,11195.33,0,0,2095.42,1645.54,1570.61,13099.25,0,0,4719.17,0,0,63545.42,94654.59,602,,2.2
2026-08-24T22:00:00+00:00,93424.42,51411.57,1100.6,30241,32939.68,2178.45,35093.42,16078.8,916.34,11221,0,0,3047.33,2393.09,1570.61,9450,0,0,4371.25,0,0,65335,93424.42,0,,3.3
2026-08-24T23:00:00+00:00,90409.33,53310.71,1179.32,31656,34480.66,2178.45,35705.17,16359.09,916.34,11195.25,0,0,3146.5,2470.96,1570.61,4212.58,0,0,4493.67,0,0,67361,90409.34,0,,3.5
2026-08-25T00:00:00+00:00,87292.5,53689.21,1230.1,32180,35051.5,2178.45,35431.92,16233.89,916.34,11197.92,0,0,3061,2403.82,1570.61,463.75,0,0,4957.67,0,0,67612,87292.51,0,,3.5
2026-08-25T01:00:00+00:00,86574.5,52608.84,1215.34,32038,34896.1,2178.45,34581.17,15844.11,916.34,11217.92,0,0,2379.5,1868.63,1570.61,133,0,0,6225.33,0,0,66619,86574.5,0,,2.7
2026-08-25T02:00:00+00:00,83067.83,49014.44,1180.11,30132,32820.68,2178.45,32249.83,14775.95,916.34,11213.33,0,0,1805.42,1417.8,1570.61,133,0,0,7534.08,0,0,62382,83067.83,0,,2.2
2026-08-25T03:00:00+00:00,77209.92,44534.45,1153.59,27694,30164.61,2178.45,29531.33,13530.42,916.34,11215.5,0,0,1068.92,839.43,1570.61,133,0,0,7567.5,0,0,60000,79984.92,2775,,1.4
2026-08-25T04:00:00+00:00,73028.08,42234.62,1156.67,26770,29158.34,2178.45,27946.67,12804.37,916.34,11217.33,0,0,346.25,271.91,1570.61,133,0,0,6615,0,0,60000,78311.58,5284,,0.5
2026-08-25T05:00:00+00:00,68333.42,38453.03,1125.45,24318,26488.02,2178.45,26804.83,12281.21,916.34,11219.17,0,0,-561.92,-441.28,1570.61,133,0,0,6420.08,0,0,60000,77210.33,8877,,-0.8
2026-08-25T06:00:00+00:00,65097.58,35637.95,1094.91,22266,24252.66,2178.45,26130.5,11972.25,916.34,11213.92,0,0,-1072.17,-841.98,1570.61,133.08,0,0,6426.25,0,0,60000,76701.08,11604,,-1.6
2026-08-25T07:00:00+00:00,63112.33,33297.8,1055.19,20127,21923.17,2178.45,25709.92,11779.55,916.34,11193.25,0,0,-767.5,-602.72,1570.61,133,0,0,6716.33,0,0,60000,77275.08,14163,,-1.2
2026-08-25T08:00:00+00:00,62688.92,32000.56,1020.93,18944,20633.9,2178.45,25104.08,11501.98,916.34,11191.17,0,0,-265.08,-208.17,1570.61,133.17,0,0,7581.92,0,0,60000,78641.18,15952,,-0.4
2026-08-25T09:00:00+00:00,64096.5,33036.63,1030.84,19671,21426.22,2178.45,25550.67,11706.59,916.34,11192,0,0,-186.58,-146.52,1570.61,133.17,0,0,7736.17,0,0,60000,78874.76,14778,,-0.3
2026-08-25T10:00:00+00:00,67599.42,36331.92,1074.92,21904,23858.27,2178.45,26308,12053.58,916.34,11193.83,0,0,534.92,420.07,1570.61,133.75,0,0,7525,0,0,60000,79387.5,11788,,0.8
2026-08-25T11:00:00+00:00,71537.92,38386.27,1073.17,23679,25791.55,2178.45,26464.83,12125.43,916.34,11196.83,0,0,597.58,469.29,1570.61,716.42,0,0,8883.42,0,0,60000,81394.25,9856,,0.8
2026-08-25T12:00:00+00:00,74289.75,35819.54,964.32,21700,23635.98,2178.45,24944.42,11428.82,916.34,11220.58,0,0,961.08,754.74,1570.61,6375.08,0,0,9088.75,0,0,60000,87645.49,13356,,1.3
2026-08-25T13:00:00+00:00,76609.33,34120.37,890.76,20585,22421.13,2178.45,23862.33,10933.04,916.34,11268.42,0,0,975.67,766.2,1570.61,13060.5,0,0,6857.92,0,0,60000,92162.51,15553,,1.3
2026-08-25T14:00:00+00:00,80250.83,35470.42,883.99,21420,23331,2178.45,24783.67,11355.17,916.34,11259.92,0,0,998.67,784.26,1570.61,16158.83,0,0,5629.92,0,0,60000,94047.34,13797,,1.2
2026-08-25T15:00:00+00:00,84433.92,38429.44,910.28,23500,25597.04,2178.45,26263.58,12033.23,916.34,11247.75,0,0,1017.67,799.18,1570.61,17752.75,0,0,4651.92,0,0,60000,94670.09,10236,,1.2
2026-08-25T16:00:00+00:00,88965.92,42012.24,944.46,26196,28533.31,2178.45,27573.83,12633.54,916.34,11238.5,0,0,1076.5,845.38,1570.61,18341.92,0,0,4539.17,0,0,60000,95196.09,6230,,1.2
2026-08-25T17:00:00+00:00,93103.42,44907.15,964.67,28270,30791.91,2178.45,28893.08,13237.99,916.34,11234,0,0,1117.08,877.25,1570.61,18635.75,0,0,4953.92,0,0,60000,95940.75,2837,,1.2
2026-08-25T18:00:00+00:00,97127.92,47576.54,979.67,30195,32889.21,2178.45,29880.92,13690.58,916.34,11235.5,0,0,1269.25,996.75,1570.61,18713.33,0,0,5833.83,0,0,60195,97246.99,119,,1.3
2026-08-25T19:00:00+00:00,99912.67,49763.57,996.14,31441,34246.38,2178.45,30782.58,14103.7,916.34,11232.42,0,0,1799.92,1413.48,1570.61,18429.92,0,0,6226.75,0,0,62224,99912.67,0,,1.8
2026-08-25T20:00:00+00:00,102572.83,51810.63,1010.22,32564,35469.22,2178.45,32214.58,14759.8,916.34,11241.17,0,0,2014,1581.6,1570.61,17609.33,0,0,6930,0,0,64778,102572.83,0,,2.0
2026-08-25T21:00:00+00:00,103321.33,53168.56,1029.19,32731,35651.48,2178.45,33376.83,15292.31,916.34,11229.17,0,0,2833,2224.77,1570.61,15580.83,0,0,7570.42,0,0,66108,103321.33,0,,2.7
2026-08-25T22:00:00+00:00,101576.92,54966.63,1082.27,33616,36615.54,2178.45,34763.5,15927.64,916.34,11229.83,0,0,3086,2423.45,1570.61,11449.92,0,0,7431.5,0,0,68380,101576.92,0,,3.0
2026-08-25T23:00:00+00:00,96695,57282,1184.8,34906,38020.18,2178.45,36036.92,16511.09,916.34,11239.5,0,0,3502.75,2750.73,1570.61,4416.67,0,0,6593.42,0,0,70943,96695.01,0,,3.6
2026-08-26T00:00:00+00:00,92732.42,58257.39,1256.46,35738,38926.78,2178.45,35601.75,16311.71,916.34,11240.83,0,0,3844.25,3018.91,1570.61,285.92,0,0,6021.58,0,0,71340,92732.41,0,,4.1
2026-08-26T01:00:00+00:00,91775.58,57723.8,1257.93,36356,39599.83,2178.45,34605.58,15855.29,916.34,11237.83,0,0,2888.92,2268.68,1570.61,0.25,0,0,6687,0,0,70962,91775.58,0,,3.1
2026-08-26T02:00:00+00:00,87363.25,53847.78,1232.73,34856,37966.35,2178.45,31677.83,14513.88,916.34,11193.17,0,0,1741.42,1367.54,1570.61,0,0,0,7894.5,0,0,66534,87363.25,0,,2.0
2026-08-26T03:00:00+00:00,81919.92,49081.64,1198.28,32367,35255.37,2178.45,28867.58,13226.3,916.34,11184.67,0,0,764,599.97,1570.61,0,0,0,8736.25,0,0,62367,83052.34,1132,,0.9
2026-08-26T04:00:00+00:00,77494,45053.31,1162.76,29916,32585.04,2178.45,27691.58,12687.49,916.34,11180.08,0,0,-377.08,-296.13,1570.61,0,0,0,9083.58,0,0,60000,79886.58,2393,,-0.5
2026-08-26T05:00:00+00:00,72122.75,40220.54,1115.34,26452,28812.06,2178.45,26194.67,12001.65,916.34,11179.25,0,0,-1063.67,-835.3,1570.61,0,0,0,9360.58,0,0,60000,79476.16,7353,,-1.5
2026-08-26T06:00:00+00:00,68493.25,37107.54,1083.54,23894,26025.56,2178.45,25439.25,11655.54,916.34,11183.75,0,0,-1058.67,-831.38,1570.61,0,0,0,9035.25,0,0,60000,79160.33,10667,,-1.5
2026-08-26T07:00:00+00:00,66557,34899.74,1048.72,21991,23952.58,2178.45,25091.5,11496.21,916.34,11190.58,0,0,-1047.08,-822.28,1570.61,0,0,0,9331.5,0,0,60000,79475,12918,,-1.6
2026-08-26T08:00:00+00:00,65419.83,33445.45,1022.49,20680,22525.52,2178.45,24762.75,11345.59,916.34,11190.17,0,0,-832.58,-653.83,1570.61,0,0,0,9619.17,0,0,60000,79976.76,14557,,-1.3
2026-08-26T09:00:00+00:00,66974.17,34903.56,1042.3,21631,23561.46,2178.45,24944.92,11429.05,916.34,11191.33,0,0,-166.83,-131.02,1570.61,0,0,0,9373.33,0,0,60000,80397.83,13424,,-0.2
2026-08-26T10:00:00+00:00,69366.92,36680.71,1057.59,22690,24714.4,2178.45,25193.83,11543.1,916.34,11202.75,0,0,538.92,423.21,1570.61,0.25,0,0,9741.25,0,0,60000,81483.17,12116,,0.8
2026-08-26T11:00:00+00:00,73006.42,39666.16,1086.65,24977,27205.37,2178.45,25987,11906.5,916.34,11205.08,0,0,705.83,554.29,1570.61,413.25,0,0,9718.42,0,0,60000,82042.58,9036,,1.0
2026-08-26T12:00:00+00:00,75658.08,39049.65,1032.27,24743,26950.31,2178.45,25324.08,11602.77,916.34,11208.75,0,0,632.33,496.57,1570.61,4260.25,0,0,9490,0,0,60000,85591.33,9933,,0.8
2026-08-26T13:00:00+00:00,78852.5,39638.34,1005.38,24902,27124.04,2178.45,25518.17,11691.7,916.34,11203.83,0,0,1047.5,822.61,1570.61,9412.33,0,0,6768.5,0,0,60000,88432.16,9580,,1.3
2026-08-26T14:00:00+00:00,82780.25,41008.29,990.77,26024,28346.33,2178.45,25752.17,11798.91,916.34,11189.25,0,0,1099,863.05,1570.61,13443.33,0,0,5272.17,0,0,60000,91003.75,8224,,1.3
2026-08-26T15:00:00+00:00,88387,42025.48,950.94,26790,29180.13,2178.45,26207,12007.3,916.34,11176.83,0,0,1067.17,838.05,1570.61,15817.58,0,0,7328.58,0,0,60000,95390.16,7003,,1.2
2026-08-26T16:00:00+00:00,94453.5,43504.78,921.19,27837,30320.55,2178.45,26945.92,12345.85,916.34,11213.33,0,0,1067.58,838.38,1570.61,16991.17,0,0,10398.67,0,0,60000,99670.75,5217,,1.1
2026-08-26T17:00:00+00:00,98977.25,45629.58,922.02,29288,31901.56,2178.45,28024.67,12840.1,916.34,11237,0,0,1130.67,887.92,1570.61,17064.67,0,0,12231.92,0,0,60000,101664.26,2687,,1.1
2026-08-26T18:00:00+00:00,102701.25,48363.11,941.82,31060,33830.75,2178.45,29588.08,13556.42,916.34,11230.33,0,0,1242.75,975.94,1570.61,16686.67,0,0,12893.92,0,0,61060,103113.17,412,,1.2
2026-08-26T19:00:00+00:00,105475.5,51310.48,972.94,32614,35523.86,2178.45,31223.67,14305.79,916.34,11231.5,0,0,1885.67,1480.82,1570.61,16145.58,0,0,12375.17,0,0,63838,105475.51,0,,1.8
2026-08-26T20:00:00+00:00,107164.92,54198.89,1011.5,34272,37330.25,2178.45,32686,14975.79,916.34,11226.58,0,0,2410.33,1892.85,1570.61,15359.58,0,0,11210.08,0,0,66958,107164.9,0,,2.2
2026-08-26T21:00:00+00:00,107809.67,56088.14,1040.5,35110,38242.2,2178.45,34575.08,15841.32,916.34,11223.92,0,0,2552.67,2004.62,1570.61,14101.42,0,0,10247,0,0,69685,107809.67,0,,2.4
2026-08-26T22:00:00+00:00,105706.83,57803.37,1093.65,35765,38955.55,2178.45,36030.33,16508.07,916.34,11225.08,0,0,2979.42,2339.75,1570.61,10700,0,0,9007.5,0,0,71795,105706.83,0,,2.8
2026-08-26T23:00:00+00:00,99965.25,59852.41,1197.46,36820,40105.23,2178.45,37441.5,17154.63,916.34,11227.08,0,0,3301.33,2592.55,1570.61,4401.58,0,0,6773.75,0,0,74262,99965.24,0,,3.3
2026-08-27T00:00:00+00:00,94822.33,60272.76,1271.28,37108,40419.01,2178.45,36931.92,16921.15,916.34,11234.33,0,0,3734.33,2932.59,1570.61,292.17,0,0,5521.5,0,0,74040,94822.33,0,,3.9
2026-08-27T01:00:00+00:00,93051,59228.85,1273.04,36970,40268.25,2178.45,36294.33,16629.03,916.34,11242.17,0,0,2969,2331.57,1570.61,0.08,0,0,5575.75,0,0,73264,93051,0,,3.2
2026-08-27T02:00:00+00:00,89346.92,56905.61,1273.81,36060,39276.87,2178.45,34251,15692.83,916.34,11241.17,0,0,2465.17,1935.91,1570.61,0,0,0,5330.08,0,0,70311,89346.92,0,,2.8
2026-08-27T03:00:00+00:00,83633.08,53356.82,1275.97,34791,37895.19,2178.45,31396.92,14385.17,916.34,11238,0,0,1370.75,1076.46,1570.61,0,0,0,4836.42,0,0,66188,83633.09,0,,1.6
2026-08-27T04:00:00+00:00,77884.5,49062.29,1259.87,32973,35914.98,2178.45,28765.17,13179.38,916.34,11200.67,0,0,-50.92,-39.99,1570.61,0,0,0,4996.58,0,0,62973,79119.33,1235,,-0.1
2026-08-27T05:00:00+00:00,72914.5,45362.71,1244.27,30733,33474.85,2178.45,27232.33,12477.08,916.34,11192,0,0,-947.08,-743.75,1570.61,0,0,0,4704.5,0,0,60733,75682.17,2768,,-1.3
2026-08-27T06:00:00+00:00,69542.25,42533.12,1223.23,28350,30878.96,2178.45,26729.67,12246.77,916.34,11201.58,0,0,-968.92,-760.9,1570.61,0,0,0,4230.42,0,0,60000,74463.08,4921,,-1.4
2026-08-27T07:00:00+00:00,67483.25,40522.75,1200.97,26470,28831.76,2178.45,26750.25,12256.2,916.34,11203.33,0,0,-941.25,-739.17,1570.61,0,0,0,4000.92,0,0,60000,74263,6780,,-1.4
2026-08-27T08:00:00+00:00,66682.08,39572.94,1186.91,25370,27633.07,2178.45,26789.17,12274.03,916.34,11208.67,0,0,-563.08,-442.19,1570.61,0,0,0,3877.83,0,0,60000,74523.42,7841,,-0.8
2026-08-27T09:00:00+00:00,67865.58,40773.62,1201.6,26238,28578.51,2178.45,27237.92,12479.64,916.34,11210.75,0,0,-473.58,-371.91,1570.61,0,0,0,3653,0,0,60000,74390.17,6525,,-0.7
2026-08-27T10:00:00+00:00,70442.17,43005.16,1221.01,27373,29815.06,2178.45,27613.92,12651.91,916.34,11223.08,0,0,685.33,538.2,1570.61,0.17,0,0,3546.92,0,0,60000,75455.5,5013,,1.0
2026-08-27T11:00:00+00:00,73636.92,45153.83,1226.39,28837,31410.13,2178.45,28611.5,13108.97,916.34,11229.33,0,0,808.25,634.72,1570.61,594.17,0,0,3556.5,0,0,60000,76188.25,2551,,1.1
2026-08-27T12:00:00+00:00,76983.92,43227.09,1123.02,27318,29755.24,2178.45,27499.83,12599.64,916.34,11227.67,0,0,1110.67,872.21,1570.61,6662.25,0,0,3165.67,0,0,60000,82166.26,5182,,1.4
2026-08-27T13:00:00+00:00,79896.08,39852.71,997.61,24479,26663.21,2178.45,26782.75,12271.09,916.34,11226.83,0,0,1169.5,918.41,1570.61,14401.58,0,0,1836.33,0,0,60000,88634.24,8738,,1.5
2026-08-27T14:00:00+00:00,82762.08,40312.28,974.17,24714,26918.99,2178.45,27150.25,12439.47,916.34,11220.08,0,0,1214.58,953.82,1570.61,17662.33,0,0,800.92,0,0,60000,90897.91,8136,,1.5
2026-08-27T15:00:00+00:00,87018.92,43386.53,997.17,27150,29572.07,2178.45,28088.92,12869.54,916.34,11211.42,0,0,1203.25,944.92,1570.61,18499.17,0,0,866.5,0,0,60000,91780.34,4761,,1.4
2026-08-27T16:00:00+00:00,91535.5,46742.01,1021.29,29498,32130.38,2178.45,29680.83,13598.91,916.34,11207.42,0,0,1289.58,1012.72,1570.61,18439.33,0,0,1419.92,0,0,60000,92356.25,821,,1.4
2026-08-27T17:00:00+00:00,95180.17,49466.66,1039.43,31229,34015.29,2178.45,31463.08,14415.49,916.34,11214.92,0,0,1319.08,1035.88,1570.61,18028.5,0,0,1925.67,0,0,62692,95180.17,0,,1.4
2026-08-27T18:00:00+00:00,98269.42,51314.04,1044.35,32048,34907.72,2178.45,33298.08,15256.23,916.34,11193.33,0,0,1464.5,1150.08,1570.61,18154.33,0,0,2110.92,0,0,65346,98269.41,0,,1.5
2026-08-27T19:00:00+00:00,100901.42,53511.99,1060.68,33139,36095.34,2178.45,34385,15754.23,916.34,11186.33,0,0,2116.92,1662.43,1570.61,18094.5,0,0,1980.08,0,0,67524,100901.41,0,,2.1
2026-08-27T20:00:00+00:00,103204.25,55684.52,1079.11,34348,37412.76,2178.45,35361.5,16201.63,916.34,11244.25,0,0,2636.08,2070.13,1570.61,17761.75,0,0,1852.58,0,0,69710,103204.24,0,,2.6
2026-08-27T21:00:00+00:00,104514.75,57289.92,1096.3,35078,38207.89,2178.45,36413.67,16683.7,916.34,11243.17,0,0,3054,2398.32,1570.61,16995.67,0,0,1730.17,0,0,71492,104514.76,0,,2.9
2026-08-27T22:00:00+00:00,102840.67,58444.7,1136.61,35421,38581.58,2178.45,37946.92,17386.2,916.34,11229.25,0,0,3154.08,2476.92,1570.61,13580.75,0,0,1508.5,0,0,73368,102840.67,0,,3.1
2026-08-27T23:00:00+00:00,97212.17,60453.16,1243.74,36785,40067.01,2178.45,39114.33,17921.07,916.34,11246.25,0,0,3139,2465.07,1570.61,5365.92,0,0,1561.75,0,0,75899,97212.17,0,,3.2
2026-08-28T00:00:00+00:00,92717.83,60605.37,1307.31,37160,40475.56,2178.45,38592.42,17681.95,916.34,11251.42,0,0,3117.08,2447.86,1570.61,311.5,0,0,2285.42,0,0,75752,92717.84,0,,3.4
2026-08-28T01:00:00+00:00,91132.5,59584.36,1307.64,36976,40275.06,2178.45,36914,16912.94,916.34,11249,0,0,3051.5,2396.36,1570.61,0.08,0,0,2942,0,0,73890,91132.5,0,,3.3
2026-08-28T02:00:00+00:00,87498.5,57234.1,1308.23,36453,39705.48,2178.45,34117.17,15631.51,916.34,11248.25,0,0,2415.75,1897.1,1570.61,0,0,0,3264.33,0,0,70570,87498.5,0,,2.8
2026-08-28T03:00:00+00:00,80516.08,51895.19,1289.06,33681,36686.24,2178.45,30808.42,14115.54,916.34,11209.5,0,0,1392.33,1093.41,1570.61,0,0,0,3424.75,0,0,64490,80516.08,0,,1.7
2026-08-28T04:00:00+00:00,74856.58,47048.67,1257.03,30742,33484.65,2178.45,29168.75,13364.29,916.34,11197.75,0,0,254.33,199.73,1570.61,0,0,0,3494,0,0,60742,75687.83,831,,0.3
2026-08-28T05:00:00+00:00,69222.08,42476.16,1227.24,27947,30440.45,2178.45,27351.58,12531.72,916.34,11125.58,0,0,-808.33,-634.79,1570.61,0,0,0,3606.33,0,0,60000,73923.58,4702,,-1.2
2026-08-28T06:00:00+00:00,65865.92,39492.14,1199.17,25661,27950.03,2178.45,26497.58,12140.44,916.34,11111.25,0,0,-997.92,-783.67,1570.61,0,0,0,3594.5,0,0,60000,73707.83,7842,,-1.5
2026-08-28T07:00:00+00:00,64083.25,37785.42,1179.26,24075,26223.34,2178.45,26527.33,12154.07,916.34,11110.58,0,0,-1004,-788.45,1570.61,0,0,0,3374.08,0,0,60000,73480.66,9397,,-1.6
2026-08-28T08:00:00+00:00,63163.33,36818.75,1165.83,23162,25228.7,2178.45,26564.67,12171.17,916.34,11172.75,0,0,-996.92,-782.88,1570.61,0,0,0,3260.75,0,0,60000,73436.58,10273,,-1.6
2026-08-28T09:00:00+00:00,63633.08,37218.77,1169.79,23554,25655.58,2178.45,26523.75,12152.43,916.34,11226.58,0,0,-1007.42,-791.13,1570.61,0,0,0,3336.17,0,0,60000,73555.33,9922,,-1.6
2026-08-28T10:00:00+00:00,66337.92,39710.03,1197.2,25585,27867.43,2178.45,26904.92,12327.07,916.34,11280.08,0,0,-809.33,-635.57,1570.61,0.42,0,0,3377.17,0,0,60000,73848.34,7510,,-1.2
2026-08-28T11:00:00+00:00,70085,41973.44,1197.79,27140,29561.72,2178.45,27208.08,12465.97,916.34,11281.25,0,0,-90.58,-71.14,1570.61,559,0,0,3987.08,0,0,60000,75736.75,5652,,-0.1
2026-08-28T12:00:00+00:00,74183.67,39649.84,1068.96,25163,27408.14,2178.45,26234.67,12019.98,916.34,11277.83,0,0,282.33,221.72,1570.61,7160.42,0,0,4065.42,0,0,60000,82786,8602,,0.4
2026-08-28T13:00:00+00:00,76958,34582.07,898.73,21201,23092.82,2178.45,24276.58,11122.84,916.34,11271.42,0,0,466.58,366.41,1570.61,16097.92,0,0,3644.33,0,0,60000,91480.25,14522,,0.6
2026-08-28T14:00:00+00:00,80273.75,35092.29,874.32,20804,22660.67,2178.45,25267,11576.62,916.34,11261.92,0,0,1088.75,855,1570.61,19205.08,0,0,2646.58,0,0,60000,94202.33,13929,,1.4
2026-08-28T15:00:00+00:00,85602.17,39281.55,917.77,24052,26198.38,2178.45,26634.08,12202.98,916.34,11246.08,0,0,1120.83,880.2,1570.61,19796.83,0,0,2752,0,0,60000,94915.74,9314,,1.3
2026-08-28T16:00:00+00:00,90201,42256.03,936.93,26283,28627.62,2178.45,27809.25,12741.41,916.34,11237.5,0,0,1129.5,887,1570.61,19647.08,0,0,4095.08,0,0,60000,96109.16,5908,,1.3
2026-08-28T17:00:00+00:00,94594.08,45848.84,969.38,28921,31500.9,2178.45,29163.58,13361.92,916.34,11235.83,0,0,1255.58,986.02,1570.61,19321.92,0,0,4696.67,0,0,60000,96510,1916,,1.3
2026-08-28T18:00:00+00:00,98294.83,49582.22,1008.85,31318,34112.14,2178.45,30341.83,13901.76,916.34,11231.33,0,0,1997.08,1568.32,1570.61,18699.5,0,0,4707.25,0,0,61660,98294.82,0,,2.0
2026-08-28T19:00:00+00:00,99904,51403.39,1029.06,32204,35077.46,2178.45,31399.08,14386.17,916.34,11225.33,0,0,2470.08,1939.77,1570.61,17814.25,0,0,4791.17,0,0,63603,99903.99,0,,2.5
2026-08-28T20:00:00+00:00,101085.42,52237.73,1033.54,32612,35521.59,2178.45,32057.92,14688.02,916.34,11225.08,0,0,2582.58,2028.12,1570.61,17516.25,0,0,5091.75,0,0,64670,101085.41,0,,2.6
2026-08-28T21:00:00+00:00,101617.83,53085.66,1044.81,32944,35883.03,2178.45,32561.25,14918.64,916.34,11221.17,0,0,2908.42,2283.99,1570.61,16158.75,0,0,5824.58,0,0,65505,101617.84,0,,2.9
2026-08-28T22:00:00+00:00,99364.08,52644.98,1059.64,31899,34745.52,2178.45,33887.75,15526.4,916.34,11227.17,0,0,3021.83,2373.06,1570.61,13063.92,0,0,6264.08,0,0,65787,99364.08,0,,3.0
2026-08-28T23:00:00+00:00,93719.75,54235.19,1157.39,32761,35684.34,2178.45,34975.08,16024.59,916.34,11224.17,0,0,3216.92,2526.26,1570.61,4922.75,0,0,6619.58,0,0,67736,93719.75,0,,3.4
2026-08-29T00:00:00+00:00,90165.5,54393.98,1206.54,33193,36154.61,2178.45,34399.67,15760.95,916.34,11234.08,0,0,3156,2478.42,1570.61,236.67,0,0,7946.08,0,0,67593,90165.5,0,,3.5
2026-08-29T01:00:00+00:00,88487.5,52109.35,1177.78,32444,35338.78,2178.45,31709.08,14528.2,916.34,11251.58,0,0,2855.42,2242.37,1570.61,0,0,0,10227.42,0,0,64153,88487.5,0,,3.2
2026-08-29T02:00:00+00:00,85136.25,47981.93,1127.18,30539,33263.36,2178.45,28118.83,12883.25,916.34,11249.75,0,0,2337.08,1835.32,1570.61,0,0,0,12892,0,0,60539,87017.41,1881,,2.7
2026-08-29T03:00:00+00:00,81027.67,43708.08,1078.84,28518,31062.31,2178.45,25528.58,11696.47,916.34,11272,0,0,1208.83,949.3,1570.61,0,0,0,14500.42,0,0,60000,86981.25,5954,,1.5
2026-08-29T04:00:00+00:00,76221.67,38973.81,1022.64,25129,27370.66,2178.45,24238.25,11105.28,916.34,11318.5,0,0,634,497.88,1570.61,0,0,0,14902.33,0,0,60000,86854.83,10633,,0.8
2026-08-29T05:00:00+00:00,71162.42,34845.51,979.32,22890,24932.34,2178.45,21605.25,9898.91,916.34,11373.42,0,0,18.17,14.27,1570.61,0,0,0,15275.58,0,0,60000,86667.17,15505,,0.0
2026-08-29T06:00:00+00:00,67760.33,31607.81,932.93,20534,22366.03,2178.45,20414.58,9353.38,916.34,11438.58,0,0,-239.25,-187.88,1570.61,0,0,0,15612.5,0,0,60000,86811.83,19052,,-0.4
2026-08-29T07:00:00+00:00,65299.08,28906.61,885.36,18491,20140.66,2178.45,19939.08,9135.52,916.34,11439.75,0,0,-834.83,-655.6,1570.61,0,0,0,16264.25,0,0,60000,86869.17,21570,,-1.3
2026-08-29T08:00:00+00:00,64382,28043.02,871.14,17872,19466.43,2178.45,19663.75,9009.37,916.34,11471.5,0,0,-993.58,-780.27,1570.61,0,0,0,16368.5,0,0,60000,86846.42,22464,,-1.5
2026-08-29T09:00:00+00:00,63764.42,27340.27,857.54,17211,18746.82,2178.45,19679.17,9016.43,916.34,11641,0,0,-986.5,-774.7,1570.61,0,0,0,16219.58,0,0,60000,86874.08,23110,,-1.5
2026-08-29T10:00:00+00:00,64398.67,27705.96,860.45,17276,18816.89,2178.45,20320.08,9310.08,916.34,11708.67,0,0,-978.58,-768.49,1570.61,0.17,0,0,16072.83,0,0,60000,86803.09,22404,,-1.5
2026-08-29T11:00:00+00:00,65588.5,27911.41,851.11,17295,18838.22,2178.45,20673.5,9472.01,916.34,11736.67,0,0,-937.17,-735.96,1570.61,498,0,0,16322.42,0,0,60000,87619.92,22031,,-1.4
2026-08-29T12:00:00+00:00,68003.08,26258.89,772.29,16583,18062.42,2178.45,17891.42,8197.34,916.34,11734.58,0,0,-2.25,-1.77,1570.61,6174.83,0,0,15621.67,0,0,60000,93528.83,25526,,0.0
2026-08-29T13:00:00+00:00,72339.58,25257.12,698.29,16217,17663.85,2178.45,16737.33,7668.57,916.34,11720.33,0,0,-215.67,-169.36,1570.61,13088.33,0,0,14792.33,0,0,60000,99385.32,27046,,-0.3
2026-08-29T14:00:00+00:00,77294.58,27309.65,706.64,17031,18550.66,2178.45,19386.92,8882.53,916.34,11704.25,0,0,-349.67,-274.59,1570.61,15609.33,0,0,13912.67,0,0,60000,100876.58,23582,,-0.5
2026-08-29T15:00:00+00:00,81281.33,29403.59,723.5,17912,19509.73,2178.45,21461.83,9833.2,916.34,11688.25,0,0,77.25,60.66,1570.61,16587.92,0,0,13554.5,0,0,60000,101907.92,20627,,0.1
2026-08-29T16:00:00+00:00,86391,33471.85,774.89,20412,22232.79,2178.45,23192.33,10626.07,916.34,11673.08,0,0,780.58,613,1570.61,16734,0,0,13599.42,0,0,60000,102787.08,16396,,0.9
2026-08-29T17:00:00+00:00,90233.42,37390.82,828.76,23021,25074.84,2178.45,24964.75,11438.14,916.34,11657.42,0,0,1117.83,877.84,1570.61,16301.25,0,0,13171.33,0,0,60000,102247.83,12014,,1.2
2026-08-29T18:00:00+00:00,94343.17,42052.99,891.49,26571,28941.5,2178.45,26358.08,12076.52,916.34,11634.17,0,0,1317.92,1034.97,1570.61,15415.33,0,0,13046.92,0,0,60000,101414.34,7071,,1.4
2026-08-29T19:00:00+00:00,96078.58,44068.67,917.35,27547,30004.76,2178.45,27549.25,12622.28,916.34,11623.58,0,0,1835.75,1441.62,1570.61,14802.25,0,0,12720.83,0,0,60000,100982.41,4904,,1.9
2026-08-29T20:00:00+00:00,97525.75,46623.73,956.13,29353,31971.81,2178.45,28756.67,13175.49,916.34,11615.83,0,0,1880.08,1476.44,1570.61,13842.08,0,0,12078.25,0,0,60000,99416.24,1890,,1.9
2026-08-29T21:00:00+00:00,97732.58,48589.15,994.33,30034,32714.12,2178.45,30298.25,13881.79,916.34,11616.17,0,0,2538.17,1993.23,1570.61,12189.5,0,0,11056.17,0,0,60333,97732.59,0,,2.6
2026-08-29T22:00:00+00:00,96093.67,49757,1035.59,30183,32875.5,2178.45,31803.5,14571.46,916.34,11609.08,0,0,2941.58,2310.04,1570.61,9160.25,0,0,10396.75,0,0,61986,96093.66,0,,3.1
2026-08-29T23:00:00+00:00,91307.33,50786.17,1112.42,30985,33749.61,2178.45,32048.25,14683.59,916.34,11602.08,0,0,2996.25,2352.97,1570.61,3549.92,0,0,10125.83,0,0,63033,91307.33,0,,3.3
2026-08-30T00:00:00+00:00,88622.92,51298.93,1157.69,31658,34483.02,2178.45,31573.67,14466.15,916.34,11594.5,0,0,2992.17,2349.76,1570.61,191.83,0,0,10612.42,0,0,63232,88622.92,0,,3.4
2026-08-30T01:00:00+00:00,87325.33,50129.22,1148.1,31763,34597.11,2178.45,29806.17,13656.34,916.34,11666.17,0,0,2388.58,1875.77,1570.61,0,0,0,11701.33,0,0,61763,87519.16,194,,2.7
2026-08-30T02:00:00+00:00,84292.08,46733.64,1108.85,30127,32815.51,2178.45,27553.33,12624.15,916.34,11704.92,0,0,1647.75,1293.99,1570.61,0,0,0,13258.67,0,0,60127,86738.76,2447,,2.0
2026-08-30T03:00:00+00:00,78736.58,41563.82,1055.77,26891,29289.96,2178.45,24946.67,11429.85,916.34,11711.25,0,0,1074.75,844.01,1570.61,0.17,0,0,14113.08,0,0,60000,86899.25,8163,,1.4
2026-08-30T04:00:00+00:00,73767.33,36338.96,985.23,22830,24866.44,2178.45,24531.17,11239.48,916.34,11709.5,0,0,296.75,233.04,1570.61,0.25,0,0,14400.17,0,0,60000,86406.67,12639,,0.4
,,,,,,,,,,,,,,,,,,,,,,,,,average other %:,1.1